corridor_id,source_country,target_country,source_currency,target_currency,transfer_weight,variable_fee_bps,fixed_fee_usd,expected_instant_rate,corridor_cost_bps
C01,GB,DE,GBP,EUR,0.075000,48,0.450000,0.780000,1.000000
C02,DE,GB,EUR,GBP,0.060000,49,0.450000,0.760000,1.200000
C03,IE,PL,EUR,PLN,0.050000,53,0.400000,0.720000,1.800000
C04,FR,US,EUR,USD,0.050000,47,0.500000,0.700000,1.600000
C05,US,GB,USD,GBP,0.055000,46,0.550000,0.730000,1.400000
C06,ES,BR,EUR,BRL,0.050000,61,0.650000,0.580000,3.500000
C07,DE,PL,EUR,PLN,0.085000,52,0.400000,0.740000,1.700000
C08,NL,IN,EUR,INR,0.050000,60,0.600000,0.620000,3.200000
C09,GB,IN,GBP,INR,0.060000,58,0.600000,0.660000,3.000000
C10,SG,GB,SGD,GBP,0.040000,50,0.500000,0.690000,2.200000
C11,AE,IN,AED,INR,0.045000,56,0.550000,0.650000,2.800000
C12,US,MX,USD,MXN,0.045000,55,0.550000,0.610000,2.600000
C13,BR,PT,BRL,EUR,0.080000,65,0.700000,0.520000,4.000000
C14,CA,US,CAD,USD,0.040000,45,0.450000,0.770000,1.000000
C15,PL,GB,PLN,GBP,0.040000,54,0.450000,0.680000,2.000000
C16,HU,DE,HUF,EUR,0.035000,57,0.450000,0.640000,2.400000
C17,IE,US,EUR,USD,0.045000,48,0.500000,0.710000,1.500000
C18,ES,GB,EUR,GBP,0.045000,50,0.450000,0.730000,1.500000
C19,GB,AE,GBP,AED,0.040000,59,0.600000,0.600000,3.000000
C20,US,BR,USD,BRL,0.050000,62,0.650000,0.560000,3.800000
