pricing_rule_id,corridor_id,customer_segment,variable_fee_bps,fixed_fee_usd,effective_start,effective_end
PR0001,C01,personal_standard,48.000000,0.450000,2025-07-01T00:00:00,2026-06-30T00:00:00
PR0002,C01,personal_high_value,45.000000,0.400000,2025-07-01T00:00:00,2026-06-30T00:00:00
PR0003,C01,business_smb,44.000000,0.400000,2025-07-01T00:00:00,2026-06-30T00:00:00
PR0004,C01,business_scaleup,40.000000,0.350000,2025-07-01T00:00:00,2026-06-30T00:00:00
PR0005,C02,personal_standard,49.000000,0.450000,2025-07-01T00:00:00,2026-06-30T00:00:00
PR0006,C02,personal_high_value,46.000000,0.400000,2025-07-01T00:00:00,2026-06-30T00:00:00
PR0007,C02,business_smb,45.000000,0.400000,2025-07-01T00:00:00,2026-06-30T00:00:00
PR0008,C02,business_scaleup,41.000000,0.350000,2025-07-01T00:00:00,2026-06-30T00:00:00
PR0009,C03,personal_standard,53.000000,0.400000,2025-07-01T00:00:00,2026-06-30T00:00:00
PR0010,C03,personal_high_value,50.000000,0.350000,2025-07-01T00:00:00,2026-06-30T00:00:00
PR0011,C03,business_smb,49.000000,0.350000,2025-07-01T00:00:00,2026-06-30T00:00:00
PR0012,C03,business_scaleup,45.000000,0.300000,2025-07-01T00:00:00,2026-06-30T00:00:00
PR0013,C04,personal_standard,47.000000,0.500000,2025-07-01T00:00:00,2026-06-30T00:00:00
PR0014,C04,personal_high_value,44.000000,0.450000,2025-07-01T00:00:00,2026-06-30T00:00:00
PR0015,C04,business_smb,43.000000,0.450000,2025-07-01T00:00:00,2026-06-30T00:00:00
PR0016,C04,business_scaleup,39.000000,0.400000,2025-07-01T00:00:00,2026-06-30T00:00:00
PR0017,C05,personal_standard,46.000000,0.550000,2025-07-01T00:00:00,2026-06-30T00:00:00
PR0018,C05,personal_high_value,43.000000,0.500000,2025-07-01T00:00:00,2026-06-30T00:00:00
PR0019,C05,business_smb,42.000000,0.500000,2025-07-01T00:00:00,2026-06-30T00:00:00
PR0020,C05,business_scaleup,38.000000,0.450000,2025-07-01T00:00:00,2026-06-30T00:00:00
PR0021,C06,personal_standard,61.000000,0.650000,2025-07-01T00:00:00,2026-06-30T00:00:00
PR0022,C06,personal_high_value,58.000000,0.600000,2025-07-01T00:00:00,2026-06-30T00:00:00
PR0023,C06,business_smb,57.000000,0.600000,2025-07-01T00:00:00,2026-06-30T00:00:00
PR0024,C06,business_scaleup,53.000000,0.550000,2025-07-01T00:00:00,2026-06-30T00:00:00
PR0025,C07,personal_standard,52.000000,0.400000,2025-07-01T00:00:00,2026-06-30T00:00:00
PR0026,C07,personal_high_value,49.000000,0.350000,2025-07-01T00:00:00,2026-06-30T00:00:00
PR0027,C07,business_smb,48.000000,0.350000,2025-07-01T00:00:00,2026-06-30T00:00:00
PR0028,C07,business_scaleup,44.000000,0.300000,2025-07-01T00:00:00,2026-06-30T00:00:00
PR0029,C08,personal_standard,60.000000,0.600000,2025-07-01T00:00:00,2026-06-30T00:00:00
PR0030,C08,personal_high_value,57.000000,0.550000,2025-07-01T00:00:00,2026-06-30T00:00:00
PR0031,C08,business_smb,56.000000,0.550000,2025-07-01T00:00:00,2026-06-30T00:00:00
PR0032,C08,business_scaleup,52.000000,0.500000,2025-07-01T00:00:00,2026-06-30T00:00:00
PR0033,C09,personal_standard,58.000000,0.600000,2025-07-01T00:00:00,2026-06-30T00:00:00
PR0034,C09,personal_high_value,55.000000,0.550000,2025-07-01T00:00:00,2026-06-30T00:00:00
PR0035,C09,business_smb,54.000000,0.550000,2025-07-01T00:00:00,2026-06-30T00:00:00
PR0036,C09,business_scaleup,50.000000,0.500000,2025-07-01T00:00:00,2026-06-30T00:00:00
PR0037,C10,personal_standard,50.000000,0.500000,2025-07-01T00:00:00,2026-06-30T00:00:00
PR0038,C10,personal_high_value,47.000000,0.450000,2025-07-01T00:00:00,2026-06-30T00:00:00
PR0039,C10,business_smb,46.000000,0.450000,2025-07-01T00:00:00,2026-06-30T00:00:00
PR0040,C10,business_scaleup,42.000000,0.400000,2025-07-01T00:00:00,2026-06-30T00:00:00
PR0041,C11,personal_standard,56.000000,0.550000,2025-07-01T00:00:00,2026-06-30T00:00:00
PR0042,C11,personal_high_value,53.000000,0.500000,2025-07-01T00:00:00,2026-06-30T00:00:00
PR0043,C11,business_smb,52.000000,0.500000,2025-07-01T00:00:00,2026-06-30T00:00:00
PR0044,C11,business_scaleup,48.000000,0.450000,2025-07-01T00:00:00,2026-06-30T00:00:00
PR0045,C12,personal_standard,55.000000,0.550000,2025-07-01T00:00:00,2026-06-30T00:00:00
PR0046,C12,personal_high_value,52.000000,0.500000,2025-07-01T00:00:00,2026-06-30T00:00:00
PR0047,C12,business_smb,51.000000,0.500000,2025-07-01T00:00:00,2026-06-30T00:00:00
PR0048,C12,business_scaleup,47.000000,0.450000,2025-07-01T00:00:00,2026-06-30T00:00:00
PR0049,C13,personal_standard,65.000000,0.700000,2025-07-01T00:00:00,2026-06-30T00:00:00
PR0050,C13,personal_high_value,62.000000,0.650000,2025-07-01T00:00:00,2026-06-30T00:00:00
PR0051,C13,business_smb,61.000000,0.650000,2025-07-01T00:00:00,2026-06-30T00:00:00
PR0052,C13,business_scaleup,57.000000,0.600000,2025-07-01T00:00:00,2026-06-30T00:00:00
PR0053,C14,personal_standard,45.000000,0.450000,2025-07-01T00:00:00,2026-06-30T00:00:00
PR0054,C14,personal_high_value,42.000000,0.400000,2025-07-01T00:00:00,2026-06-30T00:00:00
PR0055,C14,business_smb,41.000000,0.400000,2025-07-01T00:00:00,2026-06-30T00:00:00
PR0056,C14,business_scaleup,37.000000,0.350000,2025-07-01T00:00:00,2026-06-30T00:00:00
PR0057,C15,personal_standard,54.000000,0.450000,2025-07-01T00:00:00,2026-06-30T00:00:00
PR0058,C15,personal_high_value,51.000000,0.400000,2025-07-01T00:00:00,2026-06-30T00:00:00
PR0059,C15,business_smb,50.000000,0.400000,2025-07-01T00:00:00,2026-06-30T00:00:00
PR0060,C15,business_scaleup,46.000000,0.350000,2025-07-01T00:00:00,2026-06-30T00:00:00
PR0061,C16,personal_standard,57.000000,0.450000,2025-07-01T00:00:00,2026-06-30T00:00:00
PR0062,C16,personal_high_value,54.000000,0.400000,2025-07-01T00:00:00,2026-06-30T00:00:00
PR0063,C16,business_smb,53.000000,0.400000,2025-07-01T00:00:00,2026-06-30T00:00:00
PR0064,C16,business_scaleup,49.000000,0.350000,2025-07-01T00:00:00,2026-06-30T00:00:00
PR0065,C17,personal_standard,48.000000,0.500000,2025-07-01T00:00:00,2026-06-30T00:00:00
PR0066,C17,personal_high_value,45.000000,0.450000,2025-07-01T00:00:00,2026-06-30T00:00:00
PR0067,C17,business_smb,44.000000,0.450000,2025-07-01T00:00:00,2026-06-30T00:00:00
PR0068,C17,business_scaleup,40.000000,0.400000,2025-07-01T00:00:00,2026-06-30T00:00:00
PR0069,C18,personal_standard,50.000000,0.450000,2025-07-01T00:00:00,2026-06-30T00:00:00
PR0070,C18,personal_high_value,47.000000,0.400000,2025-07-01T00:00:00,2026-06-30T00:00:00
PR0071,C18,business_smb,46.000000,0.400000,2025-07-01T00:00:00,2026-06-30T00:00:00
PR0072,C18,business_scaleup,42.000000,0.350000,2025-07-01T00:00:00,2026-06-30T00:00:00
PR0073,C19,personal_standard,59.000000,0.600000,2025-07-01T00:00:00,2026-06-30T00:00:00
PR0074,C19,personal_high_value,56.000000,0.550000,2025-07-01T00:00:00,2026-06-30T00:00:00
PR0075,C19,business_smb,55.000000,0.550000,2025-07-01T00:00:00,2026-06-30T00:00:00
PR0076,C19,business_scaleup,51.000000,0.500000,2025-07-01T00:00:00,2026-06-30T00:00:00
PR0077,C20,personal_standard,62.000000,0.650000,2025-07-01T00:00:00,2026-06-30T00:00:00
PR0078,C20,personal_high_value,59.000000,0.600000,2025-07-01T00:00:00,2026-06-30T00:00:00
PR0079,C20,business_smb,58.000000,0.600000,2025-07-01T00:00:00,2026-06-30T00:00:00
PR0080,C20,business_scaleup,54.000000,0.550000,2025-07-01T00:00:00,2026-06-30T00:00:00
