refund_id,transfer_id,refunded_at,refund_reason,refund_amount_usd
REF0000001,TRF0000002,2025-12-28T12:37:09,duplicate_payment,485.360000
REF0000002,TRF0000257,2026-07-09T12:03:09,customer_request,1192.600000
REF0000003,TRF0000297,2025-10-03T03:57:43,processing_error,153.660000
REF0000004,TRF0000782,2025-07-05T15:47:48,customer_request,2474.890000
REF0000005,TRF0000806,2025-11-17T12:26:35,customer_request,567.020000
REF0000006,TRF0001054,2025-10-13T15:46:07,recipient_issue,899.160000
REF0000007,TRF0001194,2026-05-27T16:25:05,duplicate_payment,20258.480000
REF0000008,TRF0001293,2026-01-02T11:23:52,customer_request,8741.940000
REF0000009,TRF0001341,2026-05-18T07:40:49,customer_request,1263.450000
REF0000010,TRF0001719,2026-04-20T03:45:58,customer_request,160.810000
REF0000011,TRF0001876,2026-02-19T14:59:58,customer_request,7103.500000
REF0000012,TRF0001892,2025-09-25T02:16:32,recipient_issue,154.410000
REF0000013,TRF0002071,2026-02-25T11:08:10,customer_request,4402.480000
REF0000014,TRF0002246,2026-02-27T17:28:17,recipient_issue,357.310000
REF0000015,TRF0002662,2026-01-16T02:15:21,customer_request,316.960000
REF0000016,TRF0003547,2025-11-13T03:52:39,customer_request,2416.450000
REF0000017,TRF0003688,2026-06-02T18:40:10,duplicate_payment,37841.500000
REF0000018,TRF0003881,2026-06-20T18:02:14,recipient_issue,898.100000
REF0000019,TRF0003906,2025-12-16T14:21:23,recipient_issue,537.400000
REF0000020,TRF0004332,2026-03-07T13:11:59,customer_request,1456.690000
REF0000021,TRF0004563,2025-10-02T22:31:51,customer_request,1326.940000
REF0000022,TRF0005168,2026-04-12T13:17:43,recipient_issue,136.570000
REF0000023,TRF0005613,2025-08-14T23:48:02,duplicate_payment,326.540000
REF0000024,TRF0005826,2026-03-03T16:51:22,customer_request,3468.010000
REF0000025,TRF0005908,2025-12-17T17:59:30,customer_request,245.820000
REF0000026,TRF0006171,2026-05-12T08:32:44,recipient_issue,421.300000
REF0000027,TRF0006332,2026-07-03T02:26:42,customer_request,192.260000
REF0000028,TRF0006434,2026-06-24T21:10:12,customer_request,3133.040000
REF0000029,TRF0006465,2026-04-07T07:06:29,duplicate_payment,2875.630000
REF0000030,TRF0006506,2026-03-17T20:34:32,customer_request,2815.280000
REF0000031,TRF0006613,2025-10-18T08:48:41,customer_request,373.180000
REF0000032,TRF0006811,2025-11-04T17:44:04,duplicate_payment,1513.670000
REF0000033,TRF0007091,2025-08-27T04:31:55,customer_request,699.110000
REF0000034,TRF0007261,2025-08-20T12:40:47,recipient_issue,507.990000
REF0000035,TRF0007299,2026-01-29T02:05:11,customer_request,1491.170000
REF0000036,TRF0007558,2026-02-25T18:02:04,customer_request,656.860000
REF0000037,TRF0007613,2026-06-09T05:20:56,customer_request,515.820000
REF0000038,TRF0007721,2026-01-23T09:15:28,processing_error,1485.530000
REF0000039,TRF0007885,2026-03-30T15:02:07,customer_request,105.060000
REF0000040,TRF0008102,2026-05-26T12:06:31,customer_request,9702.100000
REF0000041,TRF0008227,2025-08-01T20:34:25,customer_request,445.620000
REF0000042,TRF0008348,2026-03-03T12:28:15,recipient_issue,3357.820000
REF0000043,TRF0008783,2025-12-21T10:30:04,customer_request,880.540000
REF0000044,TRF0009047,2026-05-18T05:37:17,processing_error,145.950000
REF0000045,TRF0009198,2026-03-21T08:22:18,duplicate_payment,1059.130000
REF0000046,TRF0009417,2026-02-01T10:50:58,recipient_issue,4872.640000
REF0000047,TRF0009707,2025-09-29T18:19:55,recipient_issue,204.170000
REF0000048,TRF0009800,2026-05-14T17:34:44,recipient_issue,493.350000
REF0000049,TRF0009935,2025-10-11T15:23:35,duplicate_payment,352.800000
REF0000050,TRF0009944,2025-08-18T19:07:05,processing_error,1518.330000
