support_contact_id,transfer_id,contacted_at,contact_reason,resolution_hours,estimated_support_cost_usd
SUP0000001,TRF0000016,2025-08-15T17:20:16,general_transfer_question,1.990000,5.200000
SUP0000002,TRF0000042,2025-08-14T11:28:38,settlement_or_recipient_issue,6.100000,6.640000
SUP0000003,TRF0000063,2025-10-05T16:28:26,transfer_delay,2.110000,5.240000
SUP0000004,TRF0000069,2025-12-07T10:23:04,transfer_delay,2.660000,5.430000
SUP0000005,TRF0000079,2026-02-09T08:50:24,transfer_delay,3.220000,5.630000
SUP0000006,TRF0000083,2026-04-19T17:48:43,transfer_delay,7.440000,7.110000
SUP0000007,TRF0000110,2025-11-02T11:50:10,transfer_delay,2.610000,5.410000
SUP0000008,TRF0000123,2025-09-01T22:36:52,transfer_delay,5.260000,6.340000
SUP0000009,TRF0000142,2025-12-08T08:54:08,general_transfer_question,2.110000,5.240000
SUP0000010,TRF0000143,2026-03-19T19:58:34,settlement_or_recipient_issue,4.080000,5.930000
SUP0000011,TRF0000151,2025-12-28T10:46:58,settlement_or_recipient_issue,9.500000,7.820000
SUP0000012,TRF0000162,2025-09-30T18:50:23,cancelled_transfer,7.260000,7.040000
SUP0000013,TRF0000222,2025-12-22T14:31:50,general_transfer_question,1.710000,5.100000
SUP0000014,TRF0000250,2026-05-20T12:08:30,settlement_or_recipient_issue,6.770000,6.870000
SUP0000015,TRF0000262,2025-11-24T02:04:45,general_transfer_question,2.460000,5.360000
SUP0000016,TRF0000275,2026-05-20T16:47:51,transfer_delay,4.910000,6.220000
SUP0000017,TRF0000310,2025-11-07T13:08:28,general_transfer_question,9.890000,7.960000
SUP0000018,TRF0000315,2026-07-02T01:40:58,transfer_delay,3.550000,5.740000
SUP0000019,TRF0000333,2025-07-02T14:40:54,settlement_or_recipient_issue,2.820000,5.490000
SUP0000020,TRF0000335,2025-12-08T21:24:06,transfer_delay,3.910000,5.870000
SUP0000021,TRF0000401,2025-11-09T03:50:59,settlement_or_recipient_issue,1.840000,5.140000
SUP0000022,TRF0000403,2025-11-16T20:33:53,transfer_delay,2.760000,5.470000
SUP0000023,TRF0000455,2026-02-17T14:43:04,transfer_delay,5.660000,6.480000
SUP0000024,TRF0000518,2026-04-19T23:19:32,general_transfer_question,2.310000,5.310000
SUP0000025,TRF0000583,2026-01-11T06:02:50,settlement_or_recipient_issue,5.150000,6.300000
SUP0000026,TRF0000584,2025-10-25T14:22:08,general_transfer_question,3.630000,5.770000
SUP0000027,TRF0000608,2025-10-27T18:49:44,general_transfer_question,2.010000,5.200000
SUP0000028,TRF0000641,2026-04-23T10:09:01,general_transfer_question,5.420000,6.400000
SUP0000029,TRF0000651,2025-10-10T17:48:41,general_transfer_question,2.580000,5.400000
SUP0000030,TRF0000680,2026-01-30T10:49:31,settlement_or_recipient_issue,13.520000,9.230000
SUP0000031,TRF0000687,2025-08-07T05:10:44,general_transfer_question,6.590000,6.810000
SUP0000032,TRF0000690,2025-09-21T22:55:06,transfer_delay,2.080000,5.230000
SUP0000033,TRF0000751,2026-06-06T09:09:24,transfer_delay,1.620000,5.070000
SUP0000034,TRF0000760,2026-01-03T13:05:11,transfer_delay,3.370000,5.680000
SUP0000035,TRF0000792,2025-12-22T09:19:32,transfer_delay,3.380000,5.680000
SUP0000036,TRF0000808,2026-03-13T14:03:45,general_transfer_question,7.170000,7.010000
SUP0000037,TRF0000861,2025-08-20T02:09:58,transfer_delay,4.220000,5.980000
SUP0000038,TRF0000870,2025-11-03T07:35:52,general_transfer_question,7.520000,7.130000
SUP0000039,TRF0000883,2025-12-10T19:36:33,settlement_or_recipient_issue,2.250000,5.290000
SUP0000040,TRF0000886,2026-06-04T15:09:00,transfer_delay,4.850000,6.200000
SUP0000041,TRF0000887,2025-08-26T10:32:35,transfer_delay,7.630000,7.170000
SUP0000042,TRF0000900,2025-07-29T03:52:42,settlement_or_recipient_issue,11.110000,8.390000
SUP0000043,TRF0000919,2026-04-01T13:25:48,settlement_or_recipient_issue,3.130000,5.600000
SUP0000044,TRF0000943,2026-06-07T23:15:22,settlement_or_recipient_issue,5.270000,6.350000
SUP0000045,TRF0000962,2025-07-22T22:30:01,general_transfer_question,1.680000,5.090000
SUP0000046,TRF0000969,2026-01-08T13:35:07,transfer_delay,1.600000,5.060000
SUP0000047,TRF0000977,2026-04-04T15:18:25,transfer_delay,7.070000,6.970000
SUP0000048,TRF0000990,2025-11-17T09:10:10,general_transfer_question,4.310000,6.010000
SUP0000049,TRF0001016,2025-07-22T00:04:11,transfer_delay,9.690000,7.890000
SUP0000050,TRF0001032,2026-06-22T04:25:54,general_transfer_question,6.290000,6.700000
SUP0000051,TRF0001039,2026-05-17T09:41:21,settlement_or_recipient_issue,1.850000,5.150000
SUP0000052,TRF0001059,2026-03-02T12:16:43,settlement_or_recipient_issue,2.780000,5.470000
SUP0000053,TRF0001081,2025-12-25T14:21:09,general_transfer_question,3.320000,5.660000
SUP0000054,TRF0001114,2025-08-03T02:27:16,general_transfer_question,4.240000,5.990000
SUP0000055,TRF0001117,2025-09-28T04:23:55,transfer_delay,4.980000,6.240000
SUP0000056,TRF0001131,2025-11-03T03:17:53,transfer_delay,3.520000,5.730000
SUP0000057,TRF0001151,2026-04-02T04:00:57,settlement_or_recipient_issue,0.550000,4.690000
SUP0000058,TRF0001172,2026-01-27T12:36:01,general_transfer_question,1.030000,4.860000
SUP0000059,TRF0001173,2025-07-23T22:46:46,transfer_delay,4.370000,6.030000
SUP0000060,TRF0001230,2026-01-19T03:57:35,transfer_delay,0.710000,4.750000
SUP0000061,TRF0001290,2026-07-01T05:54:12,general_transfer_question,1.250000,4.940000
SUP0000062,TRF0001304,2025-11-05T02:28:01,transfer_delay,1.500000,5.020000
SUP0000063,TRF0001321,2026-01-12T14:47:50,transfer_delay,10.810000,8.290000
SUP0000064,TRF0001351,2026-01-29T17:14:20,transfer_delay,25.950000,13.580000
SUP0000065,TRF0001361,2025-10-27T03:42:19,cancelled_transfer,1.510000,5.030000
SUP0000066,TRF0001384,2026-03-27T05:48:19,settlement_or_recipient_issue,14.870000,9.700000
SUP0000067,TRF0001405,2025-11-14T01:13:06,settlement_or_recipient_issue,5.910000,6.570000
SUP0000068,TRF0001415,2025-09-11T15:51:29,transfer_delay,7.080000,6.980000
SUP0000069,TRF0001500,2025-11-28T04:52:01,general_transfer_question,0.710000,4.750000
SUP0000070,TRF0001507,2026-06-20T23:45:22,transfer_delay,6.250000,6.690000
SUP0000071,TRF0001513,2025-12-12T09:59:33,general_transfer_question,4.290000,6.000000
SUP0000072,TRF0001515,2025-09-05T04:14:41,settlement_or_recipient_issue,6.070000,6.620000
SUP0000073,TRF0001546,2025-12-30T14:29:23,transfer_delay,3.650000,5.780000
SUP0000074,TRF0001552,2025-08-08T07:17:17,transfer_delay,2.360000,5.330000
SUP0000075,TRF0001556,2025-08-18T05:05:02,general_transfer_question,1.250000,4.940000
SUP0000076,TRF0001580,2025-10-09T23:04:41,general_transfer_question,5.730000,6.500000
SUP0000077,TRF0001598,2026-06-26T08:37:03,general_transfer_question,3.300000,5.650000
SUP0000078,TRF0001608,2026-04-22T17:03:38,transfer_delay,4.130000,5.950000
SUP0000079,TRF0001637,2025-08-19T00:07:10,settlement_or_recipient_issue,11.020000,8.360000
SUP0000080,TRF0001730,2025-07-27T03:49:42,general_transfer_question,4.850000,6.200000
SUP0000081,TRF0001763,2026-02-11T20:39:38,transfer_delay,2.230000,5.280000
SUP0000082,TRF0001789,2026-06-02T12:36:36,transfer_delay,61.240000,25.930000
SUP0000083,TRF0001797,2025-09-06T07:13:43,transfer_delay,6.010000,6.600000
SUP0000084,TRF0001830,2025-10-10T19:51:53,general_transfer_question,3.080000,5.580000
SUP0000085,TRF0001832,2026-04-09T08:19:58,settlement_or_recipient_issue,4.670000,6.140000
SUP0000086,TRF0001836,2026-02-07T05:38:31,settlement_or_recipient_issue,3.360000,5.670000
SUP0000087,TRF0001857,2025-08-01T14:08:34,transfer_delay,4.540000,6.090000
SUP0000088,TRF0001860,2025-11-18T19:54:21,general_transfer_question,3.050000,5.570000
SUP0000089,TRF0001923,2025-07-14T17:06:02,transfer_delay,1.070000,4.870000
SUP0000090,TRF0001965,2026-04-26T02:44:34,settlement_or_recipient_issue,3.710000,5.800000
SUP0000091,TRF0001966,2026-05-12T00:34:59,settlement_or_recipient_issue,3.620000,5.770000
SUP0000092,TRF0001979,2026-01-23T16:34:48,transfer_delay,6.180000,6.660000
SUP0000093,TRF0001991,2025-12-02T11:52:56,general_transfer_question,5.270000,6.340000
SUP0000094,TRF0001993,2025-08-24T18:25:11,transfer_delay,1.760000,5.110000
SUP0000095,TRF0002032,2026-01-12T23:44:27,general_transfer_question,11.760000,8.620000
SUP0000096,TRF0002040,2025-10-20T06:17:52,general_transfer_question,2.730000,5.450000
SUP0000097,TRF0002074,2026-03-15T12:17:48,settlement_or_recipient_issue,5.800000,6.530000
SUP0000098,TRF0002126,2026-04-06T07:16:51,general_transfer_question,5.000000,6.250000
SUP0000099,TRF0002143,2026-04-08T14:56:39,settlement_or_recipient_issue,1.970000,5.190000
SUP0000100,TRF0002153,2026-03-14T05:24:46,general_transfer_question,7.010000,6.950000
SUP0000101,TRF0002165,2025-07-19T14:13:15,transfer_delay,9.200000,7.720000
SUP0000102,TRF0002199,2026-02-18T17:12:42,general_transfer_question,4.100000,5.940000
SUP0000103,TRF0002243,2025-08-16T05:28:56,general_transfer_question,3.050000,5.570000
SUP0000104,TRF0002248,2026-05-02T22:00:48,general_transfer_question,1.640000,5.070000
SUP0000105,TRF0002271,2026-06-28T13:32:47,transfer_delay,2.210000,5.270000
SUP0000106,TRF0002290,2025-12-16T17:49:52,transfer_delay,3.610000,5.760000
SUP0000107,TRF0002298,2025-10-29T13:17:57,transfer_delay,4.000000,5.900000
SUP0000108,TRF0002301,2025-09-10T16:06:48,transfer_delay,2.830000,5.490000
SUP0000109,TRF0002329,2025-11-11T06:12:31,transfer_delay,0.930000,4.830000
SUP0000110,TRF0002331,2025-07-23T23:10:47,general_transfer_question,3.840000,5.840000
SUP0000111,TRF0002365,2025-07-14T19:29:20,transfer_delay,11.840000,8.640000
SUP0000112,TRF0002403,2026-02-10T09:45:17,general_transfer_question,7.790000,7.230000
SUP0000113,TRF0002410,2026-01-07T19:34:37,transfer_delay,10.560000,8.200000
SUP0000114,TRF0002429,2026-04-13T14:08:47,settlement_or_recipient_issue,3.770000,5.820000
SUP0000115,TRF0002445,2025-12-08T12:36:20,general_transfer_question,0.770000,4.770000
SUP0000116,TRF0002455,2025-12-07T23:33:32,transfer_delay,6.870000,6.900000
SUP0000117,TRF0002521,2026-03-31T07:35:25,settlement_or_recipient_issue,9.060000,7.670000
SUP0000118,TRF0002527,2026-05-29T11:48:50,transfer_delay,1.800000,5.130000
SUP0000119,TRF0002543,2026-05-02T01:53:12,transfer_delay,3.970000,5.890000
SUP0000120,TRF0002669,2025-12-27T21:32:19,transfer_delay,5.170000,6.310000
SUP0000121,TRF0002727,2026-04-29T07:01:52,transfer_delay,1.830000,5.140000
SUP0000122,TRF0002741,2026-01-31T13:39:43,transfer_delay,1.390000,4.990000
SUP0000123,TRF0002759,2026-05-18T06:57:03,transfer_delay,11.310000,8.460000
SUP0000124,TRF0002792,2025-10-16T10:52:22,general_transfer_question,1.820000,5.140000
SUP0000125,TRF0002805,2025-10-04T10:42:21,transfer_delay,3.370000,5.680000
SUP0000126,TRF0002847,2025-12-28T07:10:24,settlement_or_recipient_issue,8.780000,7.570000
SUP0000127,TRF0002849,2025-12-11T08:29:27,transfer_delay,2.650000,5.430000
SUP0000128,TRF0002900,2025-12-11T04:33:40,settlement_or_recipient_issue,4.310000,6.010000
SUP0000129,TRF0002934,2025-09-08T20:12:40,transfer_delay,3.320000,5.660000
SUP0000130,TRF0002973,2025-12-20T04:09:49,general_transfer_question,1.300000,4.950000
SUP0000131,TRF0002978,2025-09-08T23:33:57,general_transfer_question,9.450000,7.810000
SUP0000132,TRF0002983,2025-11-29T13:30:20,cancelled_transfer,4.910000,6.220000
SUP0000133,TRF0003007,2025-09-09T03:47:43,transfer_delay,9.410000,7.800000
SUP0000134,TRF0003029,2025-10-10T12:15:36,settlement_or_recipient_issue,4.100000,5.940000
SUP0000135,TRF0003032,2026-04-02T17:24:22,settlement_or_recipient_issue,7.690000,7.190000
SUP0000136,TRF0003044,2026-05-01T01:45:00,general_transfer_question,23.510000,12.730000
SUP0000137,TRF0003178,2025-08-25T20:49:17,settlement_or_recipient_issue,1.950000,5.180000
SUP0000138,TRF0003215,2026-01-03T18:22:27,general_transfer_question,5.630000,6.470000
SUP0000139,TRF0003240,2025-08-12T23:51:34,general_transfer_question,1.370000,4.980000
SUP0000140,TRF0003245,2025-10-25T23:56:06,settlement_or_recipient_issue,6.140000,6.650000
SUP0000141,TRF0003250,2025-11-07T08:49:33,settlement_or_recipient_issue,2.300000,5.310000
SUP0000142,TRF0003263,2025-12-02T00:57:19,settlement_or_recipient_issue,0.780000,4.770000
SUP0000143,TRF0003299,2026-05-10T20:58:52,transfer_delay,8.060000,7.320000
SUP0000144,TRF0003349,2026-01-23T21:08:54,transfer_delay,5.230000,6.330000
SUP0000145,TRF0003355,2026-01-20T02:02:56,transfer_delay,8.620000,7.520000
SUP0000146,TRF0003373,2025-10-12T18:05:36,transfer_delay,7.220000,7.030000
SUP0000147,TRF0003400,2026-02-04T00:33:40,general_transfer_question,2.390000,5.340000
SUP0000148,TRF0003434,2026-05-04T16:13:41,general_transfer_question,20.590000,11.710000
SUP0000149,TRF0003461,2026-03-22T19:41:56,general_transfer_question,18.850000,11.100000
SUP0000150,TRF0003477,2025-12-30T07:42:32,transfer_delay,10.110000,8.040000
SUP0000151,TRF0003523,2026-05-26T23:07:42,transfer_delay,1.820000,5.140000
SUP0000152,TRF0003532,2025-09-10T13:05:02,general_transfer_question,2.290000,5.300000
SUP0000153,TRF0003556,2026-03-20T12:29:44,settlement_or_recipient_issue,3.840000,5.840000
SUP0000154,TRF0003585,2025-07-11T01:56:25,transfer_delay,3.880000,5.860000
SUP0000155,TRF0003612,2026-06-13T19:56:24,transfer_delay,8.650000,7.530000
SUP0000156,TRF0003696,2026-04-19T16:04:51,transfer_delay,4.730000,6.160000
SUP0000157,TRF0003698,2025-09-10T20:37:19,general_transfer_question,1.500000,5.020000
SUP0000158,TRF0003702,2025-10-29T12:50:59,settlement_or_recipient_issue,4.370000,6.030000
SUP0000159,TRF0003712,2025-08-01T13:52:30,transfer_delay,1.450000,5.010000
SUP0000160,TRF0003715,2026-04-06T19:55:37,general_transfer_question,2.910000,5.520000
SUP0000161,TRF0003743,2026-06-18T22:25:18,settlement_or_recipient_issue,5.000000,6.250000
SUP0000162,TRF0003750,2025-09-29T01:45:35,settlement_or_recipient_issue,3.060000,5.570000
SUP0000163,TRF0003768,2025-10-16T11:32:32,transfer_delay,3.230000,5.630000
SUP0000164,TRF0003807,2026-01-07T07:17:04,general_transfer_question,2.840000,5.500000
SUP0000165,TRF0003849,2026-05-19T14:30:30,general_transfer_question,1.260000,4.940000
SUP0000166,TRF0003880,2026-02-26T05:10:51,general_transfer_question,6.310000,6.710000
SUP0000167,TRF0003886,2026-04-28T04:47:04,transfer_delay,1.800000,5.130000
SUP0000168,TRF0003899,2026-05-15T01:12:33,general_transfer_question,0.640000,4.720000
SUP0000169,TRF0003902,2025-11-16T21:53:07,general_transfer_question,3.190000,5.620000
SUP0000170,TRF0003913,2025-08-02T07:08:13,transfer_delay,3.270000,5.650000
SUP0000171,TRF0003932,2025-08-21T00:02:09,general_transfer_question,22.120000,12.240000
SUP0000172,TRF0003970,2026-05-22T01:49:39,general_transfer_question,1.520000,5.030000
SUP0000173,TRF0004018,2026-03-16T15:56:40,settlement_or_recipient_issue,4.060000,5.920000
SUP0000174,TRF0004065,2025-09-20T02:00:04,settlement_or_recipient_issue,2.790000,5.480000
SUP0000175,TRF0004068,2026-03-26T16:24:19,transfer_delay,1.540000,5.040000
SUP0000176,TRF0004069,2025-12-06T09:24:41,settlement_or_recipient_issue,6.500000,6.770000
SUP0000177,TRF0004071,2026-02-03T08:43:53,transfer_delay,4.210000,5.970000
SUP0000178,TRF0004092,2026-01-03T09:49:19,general_transfer_question,12.410000,8.840000
SUP0000179,TRF0004128,2025-09-08T21:41:57,settlement_or_recipient_issue,0.980000,4.840000
SUP0000180,TRF0004141,2025-10-05T21:04:55,transfer_delay,4.920000,6.220000
SUP0000181,TRF0004145,2026-05-24T07:10:33,settlement_or_recipient_issue,2.840000,5.500000
SUP0000182,TRF0004155,2026-05-17T15:57:42,general_transfer_question,3.760000,5.820000
SUP0000183,TRF0004166,2025-07-02T23:44:20,general_transfer_question,7.840000,7.240000
SUP0000184,TRF0004270,2025-11-20T12:32:31,general_transfer_question,25.620000,13.470000
SUP0000185,TRF0004290,2026-04-06T23:04:36,general_transfer_question,3.420000,5.700000
SUP0000186,TRF0004293,2026-05-08T09:16:29,transfer_delay,2.660000,5.430000
SUP0000187,TRF0004300,2026-06-13T11:19:54,settlement_or_recipient_issue,21.420000,12.000000
SUP0000188,TRF0004311,2026-03-26T05:55:36,transfer_delay,1.420000,5.000000
SUP0000189,TRF0004347,2025-12-31T02:14:36,general_transfer_question,0.980000,4.840000
SUP0000190,TRF0004402,2026-03-05T02:08:01,settlement_or_recipient_issue,3.500000,5.720000
SUP0000191,TRF0004408,2025-08-07T04:00:18,general_transfer_question,1.290000,4.950000
SUP0000192,TRF0004412,2025-07-31T23:47:47,transfer_delay,0.390000,4.640000
SUP0000193,TRF0004482,2026-04-03T05:49:55,transfer_delay,7.490000,7.120000
SUP0000194,TRF0004485,2026-06-15T17:25:16,settlement_or_recipient_issue,6.040000,6.610000
SUP0000195,TRF0004490,2026-01-20T12:58:47,settlement_or_recipient_issue,9.260000,7.740000
SUP0000196,TRF0004497,2025-11-14T08:33:39,transfer_delay,7.810000,7.230000
SUP0000197,TRF0004513,2025-09-30T23:33:00,general_transfer_question,8.920000,7.620000
SUP0000198,TRF0004553,2026-01-09T20:47:54,general_transfer_question,4.240000,5.990000
SUP0000199,TRF0004592,2025-11-12T09:01:03,general_transfer_question,5.030000,6.260000
SUP0000200,TRF0004629,2025-08-15T12:40:56,general_transfer_question,17.490000,10.620000
SUP0000201,TRF0004631,2025-08-17T04:09:15,transfer_delay,0.910000,4.820000
SUP0000202,TRF0004649,2025-10-23T12:31:35,transfer_delay,3.170000,5.610000
SUP0000203,TRF0004652,2026-01-19T02:57:46,transfer_delay,2.310000,5.310000
SUP0000204,TRF0004698,2025-12-23T12:07:33,settlement_or_recipient_issue,2.810000,5.480000
SUP0000205,TRF0004785,2025-08-29T06:04:17,general_transfer_question,1.050000,4.870000
SUP0000206,TRF0004807,2026-05-16T21:38:11,general_transfer_question,6.100000,6.630000
SUP0000207,TRF0004852,2026-01-08T21:51:56,transfer_delay,10.410000,8.140000
SUP0000208,TRF0004866,2025-12-07T00:17:35,general_transfer_question,22.470000,12.360000
SUP0000209,TRF0004884,2025-07-30T17:09:28,transfer_delay,17.980000,10.790000
SUP0000210,TRF0004921,2026-01-12T02:43:33,transfer_delay,3.420000,5.700000
SUP0000211,TRF0004925,2025-10-04T23:10:47,general_transfer_question,2.500000,5.380000
SUP0000212,TRF0004961,2026-01-22T08:17:43,general_transfer_question,2.170000,5.260000
SUP0000213,TRF0004978,2026-01-12T07:37:26,settlement_or_recipient_issue,1.600000,5.060000
SUP0000214,TRF0004995,2025-08-19T10:44:40,transfer_delay,5.980000,6.590000
SUP0000215,TRF0004996,2025-12-28T13:29:30,transfer_delay,3.140000,5.600000
SUP0000216,TRF0005002,2026-02-23T23:49:50,transfer_delay,3.790000,5.830000
SUP0000217,TRF0005018,2025-11-05T11:30:22,transfer_delay,1.390000,4.990000
SUP0000218,TRF0005019,2025-07-23T17:14:19,general_transfer_question,1.870000,5.150000
SUP0000219,TRF0005032,2026-01-15T20:31:31,transfer_delay,1.340000,4.970000
SUP0000220,TRF0005048,2026-04-23T02:24:35,settlement_or_recipient_issue,7.930000,7.280000
SUP0000221,TRF0005067,2025-09-10T14:36:16,settlement_or_recipient_issue,7.060000,6.970000
SUP0000222,TRF0005089,2026-06-13T09:41:08,general_transfer_question,4.790000,6.180000
SUP0000223,TRF0005092,2025-09-12T08:53:18,general_transfer_question,12.230000,8.780000
SUP0000224,TRF0005143,2026-05-05T02:04:39,general_transfer_question,15.040000,9.760000
SUP0000225,TRF0005148,2026-04-18T11:42:25,transfer_delay,7.990000,7.300000
SUP0000226,TRF0005153,2025-08-18T01:04:26,transfer_delay,7.270000,7.040000
SUP0000227,TRF0005176,2026-03-01T16:18:52,general_transfer_question,1.220000,4.930000
SUP0000228,TRF0005217,2025-11-20T20:13:16,settlement_or_recipient_issue,2.990000,5.550000
SUP0000229,TRF0005221,2025-08-21T10:50:49,transfer_delay,2.120000,5.240000
SUP0000230,TRF0005230,2025-07-07T18:20:24,general_transfer_question,1.830000,5.140000
SUP0000231,TRF0005249,2025-08-08T17:05:52,settlement_or_recipient_issue,5.340000,6.370000
SUP0000232,TRF0005277,2026-05-19T03:45:40,settlement_or_recipient_issue,3.590000,5.760000
SUP0000233,TRF0005295,2025-10-31T05:37:15,transfer_delay,2.970000,5.540000
SUP0000234,TRF0005312,2025-12-08T01:14:14,general_transfer_question,1.810000,5.140000
SUP0000235,TRF0005363,2025-07-06T11:56:34,general_transfer_question,4.330000,6.020000
SUP0000236,TRF0005386,2025-12-26T05:58:30,transfer_delay,4.150000,5.950000
SUP0000237,TRF0005399,2026-02-09T00:18:42,transfer_delay,0.730000,4.750000
SUP0000238,TRF0005418,2025-12-21T17:57:26,general_transfer_question,1.120000,4.890000
SUP0000239,TRF0005490,2025-11-06T21:10:36,transfer_delay,9.140000,7.700000
SUP0000240,TRF0005492,2026-03-09T03:07:55,transfer_delay,6.960000,6.930000
SUP0000241,TRF0005501,2026-06-30T08:00:25,transfer_delay,6.830000,6.890000
SUP0000242,TRF0005557,2026-06-11T10:33:09,transfer_delay,3.900000,5.860000
SUP0000243,TRF0005606,2025-11-21T17:59:30,general_transfer_question,1.360000,4.980000
SUP0000244,TRF0005624,2026-03-16T01:18:52,general_transfer_question,1.260000,4.940000
SUP0000245,TRF0005668,2025-12-25T20:21:58,transfer_delay,4.850000,6.200000
SUP0000246,TRF0005682,2026-06-23T19:36:22,transfer_delay,1.930000,5.180000
SUP0000247,TRF0005741,2025-10-18T19:16:45,transfer_delay,2.590000,5.410000
SUP0000248,TRF0005768,2026-04-29T13:20:38,transfer_delay,7.270000,7.050000
SUP0000249,TRF0005792,2025-12-12T23:40:38,settlement_or_recipient_issue,1.540000,5.040000
SUP0000250,TRF0005797,2025-11-19T02:29:43,general_transfer_question,6.600000,6.810000
SUP0000251,TRF0005809,2026-05-25T16:28:16,cancelled_transfer,5.220000,6.330000
SUP0000252,TRF0005824,2025-08-11T11:55:41,general_transfer_question,4.190000,5.970000
SUP0000253,TRF0005847,2026-06-09T21:12:33,transfer_delay,8.040000,7.310000
SUP0000254,TRF0005866,2025-07-19T17:16:09,transfer_delay,1.680000,5.090000
SUP0000255,TRF0005924,2026-02-27T17:24:23,settlement_or_recipient_issue,15.370000,9.880000
SUP0000256,TRF0005952,2025-10-26T04:35:40,transfer_delay,1.460000,5.010000
SUP0000257,TRF0005990,2026-06-19T22:06:46,settlement_or_recipient_issue,2.520000,5.380000
SUP0000258,TRF0006031,2026-05-12T13:33:45,transfer_delay,1.780000,5.120000
SUP0000259,TRF0006047,2026-01-12T20:25:58,general_transfer_question,3.360000,5.680000
SUP0000260,TRF0006070,2026-06-12T08:52:41,transfer_delay,2.060000,5.220000
SUP0000261,TRF0006093,2026-04-15T18:46:06,general_transfer_question,2.990000,5.550000
SUP0000262,TRF0006110,2025-12-02T09:28:38,transfer_delay,0.910000,4.820000
SUP0000263,TRF0006130,2025-09-27T10:54:21,transfer_delay,6.680000,6.840000
SUP0000264,TRF0006138,2025-11-19T10:23:45,transfer_delay,4.750000,6.160000
SUP0000265,TRF0006162,2025-08-11T15:49:52,settlement_or_recipient_issue,4.310000,6.010000
SUP0000266,TRF0006211,2026-05-26T16:05:02,general_transfer_question,8.720000,7.550000
SUP0000267,TRF0006269,2026-06-01T03:55:55,transfer_delay,1.360000,4.980000
SUP0000268,TRF0006298,2026-01-19T20:20:10,transfer_delay,6.470000,6.760000
SUP0000269,TRF0006334,2026-06-19T04:56:20,settlement_or_recipient_issue,3.770000,5.820000
SUP0000270,TRF0006349,2026-01-27T06:02:36,transfer_delay,1.390000,4.990000
SUP0000271,TRF0006365,2025-08-09T22:03:31,transfer_delay,2.450000,5.360000
SUP0000272,TRF0006409,2025-10-01T21:42:16,general_transfer_question,11.920000,8.670000
SUP0000273,TRF0006410,2026-03-14T12:07:22,transfer_delay,2.970000,5.540000
SUP0000274,TRF0006463,2025-10-17T03:47:34,settlement_or_recipient_issue,8.300000,7.410000
SUP0000275,TRF0006485,2026-03-28T20:37:05,settlement_or_recipient_issue,2.350000,5.320000
SUP0000276,TRF0006504,2025-11-28T21:13:22,settlement_or_recipient_issue,7.690000,7.190000
SUP0000277,TRF0006524,2026-04-14T11:17:24,transfer_delay,54.720000,23.650000
SUP0000278,TRF0006577,2025-08-12T11:18:56,settlement_or_recipient_issue,13.250000,9.140000
SUP0000279,TRF0006578,2025-10-14T12:47:00,general_transfer_question,3.510000,5.730000
SUP0000280,TRF0006612,2025-10-23T10:30:28,transfer_delay,1.730000,5.100000
SUP0000281,TRF0006645,2025-07-04T00:29:55,transfer_delay,6.480000,6.770000
SUP0000282,TRF0006683,2025-07-04T07:05:56,general_transfer_question,5.500000,6.430000
SUP0000283,TRF0006695,2025-10-11T09:52:45,settlement_or_recipient_issue,11.560000,8.550000
SUP0000284,TRF0006719,2026-03-10T18:11:56,settlement_or_recipient_issue,10.290000,8.100000
SUP0000285,TRF0006750,2025-07-03T08:07:46,transfer_delay,1.330000,4.960000
SUP0000286,TRF0006758,2026-06-23T03:46:59,transfer_delay,2.520000,5.380000
SUP0000287,TRF0006791,2025-11-28T10:33:06,transfer_delay,11.970000,8.690000
SUP0000288,TRF0006802,2026-06-24T05:29:38,transfer_delay,6.320000,6.710000
SUP0000289,TRF0006808,2026-01-15T22:48:44,general_transfer_question,38.960000,18.140000
SUP0000290,TRF0006824,2025-08-30T09:27:35,cancelled_transfer,8.730000,7.550000
SUP0000291,TRF0006837,2026-06-17T06:20:00,general_transfer_question,7.770000,7.220000
SUP0000292,TRF0006843,2026-03-21T06:53:23,general_transfer_question,11.230000,8.430000
SUP0000293,TRF0006847,2026-01-12T08:52:56,transfer_delay,1.110000,4.890000
SUP0000294,TRF0006883,2025-11-23T12:39:34,transfer_delay,4.320000,6.010000
SUP0000295,TRF0006946,2026-01-01T01:26:51,settlement_or_recipient_issue,8.640000,7.520000
SUP0000296,TRF0006996,2025-11-07T16:35:29,transfer_delay,2.570000,5.400000
SUP0000297,TRF0007047,2025-11-29T14:34:08,general_transfer_question,3.290000,5.650000
SUP0000298,TRF0007048,2026-02-26T20:06:20,general_transfer_question,2.510000,5.380000
SUP0000299,TRF0007060,2026-04-11T20:39:21,transfer_delay,4.640000,6.120000
SUP0000300,TRF0007123,2026-01-30T08:56:14,transfer_delay,19.760000,11.420000
SUP0000301,TRF0007149,2025-08-26T03:25:29,settlement_or_recipient_issue,3.980000,5.890000
SUP0000302,TRF0007165,2025-12-07T13:10:30,transfer_delay,1.460000,5.010000
SUP0000303,TRF0007182,2026-02-09T20:35:01,settlement_or_recipient_issue,1.940000,5.180000
SUP0000304,TRF0007225,2026-03-09T21:06:36,settlement_or_recipient_issue,5.690000,6.490000
SUP0000305,TRF0007229,2025-07-30T18:21:20,transfer_delay,13.950000,9.380000
SUP0000306,TRF0007230,2025-11-20T09:04:58,transfer_delay,7.390000,7.090000
SUP0000307,TRF0007262,2026-01-04T21:39:44,settlement_or_recipient_issue,3.270000,5.640000
SUP0000308,TRF0007275,2026-04-01T06:36:12,general_transfer_question,4.050000,5.920000
SUP0000309,TRF0007298,2025-10-07T09:58:42,settlement_or_recipient_issue,1.510000,5.030000
SUP0000310,TRF0007360,2026-01-16T00:37:00,transfer_delay,9.730000,7.910000
SUP0000311,TRF0007377,2026-05-22T08:36:22,general_transfer_question,11.540000,8.540000
SUP0000312,TRF0007384,2025-08-08T05:01:32,transfer_delay,7.200000,7.020000
SUP0000313,TRF0007392,2025-11-27T04:32:09,general_transfer_question,3.160000,5.610000
SUP0000314,TRF0007396,2025-07-28T11:55:15,general_transfer_question,1.460000,5.010000
SUP0000315,TRF0007398,2025-07-04T18:12:33,transfer_delay,2.820000,5.490000
SUP0000316,TRF0007401,2025-10-26T04:11:46,transfer_delay,5.230000,6.330000
SUP0000317,TRF0007469,2026-01-06T06:46:35,general_transfer_question,1.990000,5.200000
SUP0000318,TRF0007470,2026-02-09T14:37:49,transfer_delay,3.190000,5.620000
SUP0000319,TRF0007474,2026-02-24T13:54:02,general_transfer_question,3.430000,5.700000
SUP0000320,TRF0007544,2026-01-26T12:38:43,general_transfer_question,4.180000,5.960000
SUP0000321,TRF0007585,2025-09-19T11:35:03,transfer_delay,4.740000,6.160000
SUP0000322,TRF0007606,2026-06-02T06:13:45,general_transfer_question,2.840000,5.490000
SUP0000323,TRF0007608,2025-08-10T22:56:45,transfer_delay,4.910000,6.220000
SUP0000324,TRF0007612,2025-08-28T08:07:34,transfer_delay,1.840000,5.140000
SUP0000325,TRF0007649,2025-08-12T22:14:15,settlement_or_recipient_issue,3.560000,5.750000
SUP0000326,TRF0007710,2026-03-10T07:49:25,transfer_delay,10.870000,8.300000
SUP0000327,TRF0007717,2026-06-26T10:06:35,transfer_delay,14.820000,9.690000
SUP0000328,TRF0007725,2025-07-27T03:42:25,general_transfer_question,12.480000,8.870000
SUP0000329,TRF0007727,2026-06-07T18:37:24,general_transfer_question,6.830000,6.890000
SUP0000330,TRF0007763,2026-03-15T13:25:25,settlement_or_recipient_issue,3.610000,5.760000
SUP0000331,TRF0007769,2026-04-01T08:43:53,settlement_or_recipient_issue,5.650000,6.480000
SUP0000332,TRF0007784,2026-05-21T04:34:04,settlement_or_recipient_issue,8.390000,7.440000
SUP0000333,TRF0007800,2025-09-25T09:27:42,settlement_or_recipient_issue,1.950000,5.180000
SUP0000334,TRF0007855,2026-06-18T09:58:15,transfer_delay,13.100000,9.090000
SUP0000335,TRF0007867,2026-03-13T16:14:09,general_transfer_question,5.000000,6.250000
SUP0000336,TRF0007950,2025-10-26T05:07:54,transfer_delay,1.850000,5.150000
SUP0000337,TRF0007951,2025-11-15T10:51:11,settlement_or_recipient_issue,30.050000,15.020000
SUP0000338,TRF0007977,2026-01-02T05:22:50,transfer_delay,5.560000,6.440000
SUP0000339,TRF0008027,2025-11-24T15:06:49,settlement_or_recipient_issue,4.740000,6.160000
SUP0000340,TRF0008084,2026-02-14T03:51:12,settlement_or_recipient_issue,1.850000,5.150000
SUP0000341,TRF0008141,2025-10-09T16:07:16,transfer_delay,3.300000,5.660000
SUP0000342,TRF0008178,2025-08-02T20:43:36,general_transfer_question,1.100000,4.890000
SUP0000343,TRF0008239,2026-03-01T10:00:21,general_transfer_question,1.480000,5.020000
SUP0000344,TRF0008252,2026-06-07T22:13:08,general_transfer_question,3.490000,5.720000
SUP0000345,TRF0008272,2026-04-19T06:37:41,general_transfer_question,0.950000,4.830000
SUP0000346,TRF0008324,2026-06-16T18:38:51,transfer_delay,9.450000,7.810000
SUP0000347,TRF0008410,2025-10-01T05:03:41,transfer_delay,1.690000,5.090000
SUP0000348,TRF0008453,2026-04-28T18:27:02,general_transfer_question,10.240000,8.080000
SUP0000349,TRF0008470,2025-07-02T02:05:19,settlement_or_recipient_issue,10.520000,8.180000
SUP0000350,TRF0008481,2026-04-14T18:34:15,transfer_delay,3.050000,5.570000
SUP0000351,TRF0008532,2025-08-05T19:48:02,transfer_delay,2.000000,5.200000
SUP0000352,TRF0008545,2026-03-02T10:57:08,general_transfer_question,2.990000,5.550000
SUP0000353,TRF0008565,2025-08-22T04:40:23,general_transfer_question,7.980000,7.290000
SUP0000354,TRF0008643,2026-02-13T21:28:34,general_transfer_question,6.870000,6.910000
SUP0000355,TRF0008649,2026-04-29T15:01:26,general_transfer_question,2.560000,5.390000
SUP0000356,TRF0008722,2025-09-24T20:49:58,settlement_or_recipient_issue,1.060000,4.870000
SUP0000357,TRF0008732,2026-02-10T09:55:15,transfer_delay,2.720000,5.450000
SUP0000358,TRF0008757,2025-11-22T12:03:44,transfer_delay,5.440000,6.410000
SUP0000359,TRF0008763,2026-05-13T05:07:20,settlement_or_recipient_issue,4.970000,6.240000
SUP0000360,TRF0008782,2026-03-19T20:23:57,transfer_delay,1.520000,5.030000
SUP0000361,TRF0008837,2025-09-22T11:31:55,transfer_delay,9.470000,7.820000
SUP0000362,TRF0008843,2026-02-10T03:06:27,transfer_delay,4.110000,5.940000
SUP0000363,TRF0008863,2025-08-31T05:14:04,transfer_delay,2.350000,5.320000
SUP0000364,TRF0008866,2026-02-07T20:31:26,general_transfer_question,1.730000,5.100000
SUP0000365,TRF0008878,2026-04-18T11:00:57,general_transfer_question,4.610000,6.110000
SUP0000366,TRF0008937,2026-01-07T03:06:20,transfer_delay,2.020000,5.210000
SUP0000367,TRF0008958,2025-07-24T19:06:24,settlement_or_recipient_issue,4.740000,6.160000
SUP0000368,TRF0008983,2026-03-05T15:29:34,settlement_or_recipient_issue,5.030000,6.260000
SUP0000369,TRF0009021,2025-10-26T05:40:03,general_transfer_question,2.010000,5.200000
SUP0000370,TRF0009063,2026-02-10T12:17:16,transfer_delay,18.870000,11.100000
SUP0000371,TRF0009137,2026-03-03T18:41:07,transfer_delay,1.470000,5.010000
SUP0000372,TRF0009138,2025-10-28T14:12:33,settlement_or_recipient_issue,3.050000,5.570000
SUP0000373,TRF0009161,2025-08-23T16:04:26,transfer_delay,11.350000,8.470000
SUP0000374,TRF0009216,2025-09-02T08:27:06,general_transfer_question,1.810000,5.140000
SUP0000375,TRF0009226,2025-08-31T22:15:14,general_transfer_question,1.130000,4.900000
SUP0000376,TRF0009294,2025-09-13T19:43:27,general_transfer_question,5.340000,6.370000
SUP0000377,TRF0009337,2025-07-12T22:09:42,transfer_delay,2.220000,5.280000
SUP0000378,TRF0009375,2025-12-23T10:31:58,general_transfer_question,4.560000,6.100000
SUP0000379,TRF0009388,2026-05-25T23:49:08,cancelled_transfer,22.270000,12.290000
SUP0000380,TRF0009408,2026-04-18T15:45:41,cancelled_transfer,6.220000,6.680000
SUP0000381,TRF0009423,2025-11-26T06:39:33,transfer_delay,0.400000,4.640000
SUP0000382,TRF0009431,2026-01-19T09:12:27,settlement_or_recipient_issue,2.300000,5.310000
SUP0000383,TRF0009466,2026-06-19T15:51:32,general_transfer_question,2.080000,5.230000
SUP0000384,TRF0009508,2026-01-15T00:56:08,general_transfer_question,3.970000,5.890000
SUP0000385,TRF0009509,2025-11-22T19:17:05,transfer_delay,2.780000,5.470000
SUP0000386,TRF0009514,2025-10-25T11:31:25,transfer_delay,0.950000,4.830000
SUP0000387,TRF0009524,2025-07-11T07:50:16,transfer_delay,2.110000,5.240000
SUP0000388,TRF0009559,2025-10-04T09:04:25,transfer_delay,0.920000,4.820000
SUP0000389,TRF0009561,2026-01-08T23:41:08,general_transfer_question,1.620000,5.070000
SUP0000390,TRF0009583,2025-08-05T12:54:52,general_transfer_question,6.770000,6.870000
SUP0000391,TRF0009614,2026-04-23T15:20:43,transfer_delay,2.720000,5.450000
SUP0000392,TRF0009700,2026-01-01T06:06:08,transfer_delay,11.210000,8.420000
SUP0000393,TRF0009704,2026-02-23T12:37:34,settlement_or_recipient_issue,3.080000,5.580000
SUP0000394,TRF0009734,2025-12-08T00:30:00,transfer_delay,4.120000,5.940000
SUP0000395,TRF0009759,2025-11-04T21:37:58,settlement_or_recipient_issue,4.440000,6.050000
SUP0000396,TRF0009807,2026-03-30T12:21:34,transfer_delay,1.460000,5.010000
SUP0000397,TRF0009858,2025-12-21T10:20:08,general_transfer_question,6.860000,6.900000
SUP0000398,TRF0009876,2026-04-15T01:25:16,transfer_delay,3.140000,5.600000
SUP0000399,TRF0009899,2026-04-06T07:09:04,general_transfer_question,6.370000,6.730000
SUP0000400,TRF0009934,2026-01-31T15:13:38,general_transfer_question,5.740000,6.510000
SUP0000401,TRF0009935,2025-10-06T17:23:23,general_transfer_question,10.580000,8.200000
SUP0000402,TRF0009940,2026-06-10T20:18:53,transfer_delay,3.410000,5.690000
SUP0000403,TRF0009941,2026-01-29T09:12:15,general_transfer_question,2.030000,5.210000
SUP0000404,TRF0009985,2026-05-06T13:58:21,general_transfer_question,2.340000,5.320000
